section_id,department_id
1,1
2,1
3,1
4,1
5,1
6,1
7,1
8,1
9,1
10,1
11,1
12,1
13,1
14,1
15,1
16,1
17,1
18,1
19,1
20,1
21,1
22,1
23,1
24,1
25,1
26,1
27,1
28,1
29,1
30,1
31,1
32,1
33,1
34,1
35,1
36,1
37,1
38,1
39,1
40,1
41,1
42,1
43,1
44,1
45,1
46,1
47,1
48,1
49,1
50,1
51,1
52,1
53,1
54,1
55,1
56,1
57,1
58,1
59,1
60,1
61,1
62,1
63,1
64,1
65,1
66,1
67,1
68,1
69,1
70,1
71,1
72,1
73,1
74,1
75,1
76,1
77,1
78,1
79,1
80,1
81,1
82,1
83,1
84,1
85,1
86,1
87,1
88,1
89,1
90,1
91,1
92,1
93,1
94,1
95,1
96,1
97,1
98,1
99,1
100,1
101,1
102,1
103,1
104,1
105,1
106,1
107,1
108,1
109,1
110,1
111,1
112,1
113,1
114,1
115,1
1,8
2,8
3,8
116,8
117,8
118,8
119,8
120,8
121,8
122,8
123,8
124,8
125,8
126,8
127,8
128,8
129,8
130,8
131,8
132,8
133,8
134,8
135,8
57,8
58,8
59,8
60,8
61,8
62,8
63,8
64,8
65,8
66,8
67,8
68,8
69,8
70,8
71,8
72,8
73,8
74,8
75,8
76,8
77,8
78,8
79,8
80,8
81,8
82,8
83,8
84,8
85,8
86,8
87,8
136,8
137,8
138,8
139,8
140,8
141,8
142,8
143,8
144,8
145,8
146,8
147,8
148,8
149,8
150,8
151,8
152,8
153,8
154,8
155,8
156,8
157,8
158,8
159,8
105,8
106,8
107,8
108,8
109,8
110,8
111,8
112,8
113,8
114,8
115,8
1,9
2,9
3,9
160,9
161,9
162,9
163,9
164,9
165,9
166,9
167,9
168,9
169,9
170,9
171,9
172,9
173,9
174,9
175,9
176,9
177,9
178,9
179,9
180,9
181,9
182,9
183,9
184,9
185,9
186,9
187,9
188,9
57,9
58,9
59,9
60,9
61,9
62,9
63,9
64,9
65,9
66,9
67,9
68,9
69,9
70,9
71,9
72,9
73,9
74,9
75,9
76,9
77,9
78,9
79,9
80,9
81,9
82,9
83,9
84,9
85,9
86,9
87,9
136,9
137,9
138,9
139,9
140,9
141,9
142,9
143,9
144,9
147,9
148,9
151,9
152,9
153,9
156,9
189,9
157,9
158,9
190,9
191,9
105,9
106,9
107,9
108,9
109,9
110,9
111,9
112,9
113,9
114,9
115,9
1,5
2,5
3,5
5,5
8,5
9,5
10,5
192,5
11,5
12,5
13,5
14,5
15,5
16,5
17,5
18,5
193,5
194,5
195,5
19,5
196,5
197,5
198,5
199,5
200,5
201,5
202,5
203,5
204,5
205,5
206,5
207,5
208,5
209,5
210,5
211,5
212,5
213,5
214,5
215,5
216,5
217,5
218,5
219,5
220,5
221,5
222,5
223,5
224,5
225,5
226,5
227,5
228,5
229,5
46,5
47,5
48,5
50,5
51,5
52,5
53,5
55,5
56,5
57,5
58,5
59,5
60,5
61,5
62,5
63,5
64,5
65,5
66,5
67,5
68,5
69,5
70,5
71,5
72,5
73,5
74,5
75,5
76,5
77,5
78,5
79,5
80,5
81,5
82,5
83,5
84,5
85,5
86,5
87,5
88,5
89,5
90,5
91,5
92,5
230,5
231,5
232,5
233,5
234,5
235,5
236,5
237,5
97,5
103,5
238,5
239,5
105,5
106,5
107,5
108,5
109,5
110,5
111,5
112,5
113,5
114,5
115,5
1,10
2,10
3,10
240,10
241,10
166,10
167,10
168,10
169,10
170,10
171,10
242,10
243,10
244,10
245,10
246,10
247,10
248,10
249,10
250,10
251,10
252,10
253,10
254,10
255,10
256,10
257,10
258,10
174,10
175,10
176,10
177,10
178,10
179,10
180,10
181,10
182,10
183,10
184,10
185,10
186,10
187,10
188,10
57,10
58,10
59,10
60,10
61,10
62,10
63,10
64,10
65,10
66,10
67,10
68,10
69,10
70,10
71,10
72,10
73,10
74,10
75,10
76,10
77,10
78,10
79,10
80,10
81,10
82,10
83,10
85,10
86,10
87,10
136,10
137,10
138,10
139,10
140,10
141,10
142,10
143,10
144,10
145,10
146,10
147,10
148,10
259,10
151,10
152,10
153,10
155,10
156,10
189,10
260,10
261,10
190,10
262,10
105,10
106,10
107,10
108,10
109,10
110,10
111,10
112,10
113,10
114,10
1,2
2,2
3,2
5,2
8,2
9,2
10,2
11,2
12,2
13,2
14,2
15,2
16,2
17,2
18,2
19,2
263,2
264,2
265,2
266,2
267,2
268,2
269,2
270,2
271,2
272,2
273,2
274,2
275,2
276,2
277,2
278,2
279,2
280,2
281,2
282,2
283,2
284,2
201,2
202,2
203,2
204,2
205,2
206,2
207,2
208,2
209,2
210,2
211,2
212,2
213,2
214,2
215,2
216,2
217,2
218,2
219,2
220,2
221,2
222,2
223,2
224,2
225,2
226,2
227,2
228,2
229,2
46,2
47,2
48,2
49,2
50,2
285,2
51,2
286,2
287,2
55,2
56,2
57,2
58,2
59,2
60,2
61,2
62,2
63,2
64,2
65,2
66,2
67,2
68,2
69,2
70,2
71,2
72,2
73,2
74,2
75,2
76,2
77,2
78,2
79,2
80,2
81,2
82,2
83,2
85,2
86,2
87,2
88,2
89,2
90,2
91,2
92,2
230,2
231,2
232,2
233,2
234,2
235,2
288,2
96,2
97,2
98,2
289,2
290,2
103,2
238,2
291,2
292,2
293,2
105,2
106,2
107,2
108,2
109,2
110,2
111,2
112,2
113,2
114,2
115,2
1,11
2,11
3,11
164,11
165,11
166,11
167,11
168,11
169,11
170,11
171,11
172,11
173,11
294,11
295,11
296,11
297,11
298,11
299,11
300,11
301,11
187,11
188,11
302,11
303,11
304,11
305,11
57,11
58,11
59,11
60,11
61,11
62,11
63,11
64,11
65,11
66,11
67,11
68,11
69,11
70,11
71,11
72,11
73,11
74,11
75,11
76,11
77,11
78,11
79,11
80,11
81,11
82,11
83,11
85,11
306,11
307,11
308,11
309,11
310,11
311,11
312,11
313,11
314,11
315,11
316,11
317,11
318,11
86,11
87,11
136,11
137,11
138,11
139,11
140,11
141,11
142,11
143,11
144,11
151,11
152,11
153,11
155,11
319,11
320,11
321,11
322,11
323,11
324,11
105,11
106,11
107,11
108,11
109,11
110,11
111,11
112,11
113,11
114,11
115,11
1,3
2,3
3,3
4,3
6,3
7,3
10,3
325,3
192,3
11,3
12,3
13,3
14,3
15,3
16,3
17,3
18,3
193,3
194,3
195,3
19,3
196,3
326,3
327,3
328,3
329,3
330,3
331,3
332,3
333,3
334,3
335,3
336,3
337,3
338,3
339,3
340,3
341,3
342,3
343,3
344,3
345,3
346,3
222,3
223,3
224,3
225,3
226,3
227,3
228,3
229,3
46,3
347,3
348,3
349,3
350,3
351,3
352,3
353,3
57,3
58,3
59,3
60,3
61,3
62,3
63,3
64,3
65,3
66,3
67,3
68,3
69,3
70,3
71,3
72,3
73,3
74,3
75,3
76,3
77,3
78,3
79,3
80,3
81,3
82,3
83,3
84,3
85,3
86,3
354,3
355,3
356,3
357,3
358,3
359,3
360,3
87,3
88,3
89,3
90,3
91,3
92,3
230,3
231,3
232,3
233,3
234,3
235,3
97,3
361,3
362,3
363,3
364,3
365,3
103,3
366,3
367,3
368,3
369,3
370,3
371,3
105,3
106,3
107,3
108,3
109,3
110,3
111,3
112,3
113,3
114,3
115,3
1,4
2,4
3,4
372,4
373,4
374,4
375,4
376,4
377,4
378,4
379,4
380,4
381,4
382,4
383,4
384,4
385,4
386,4
387,4
388,4
389,4
390,4
391,4
392,4
393,4
394,4
395,4
240,4
241,4
166,4
167,4
168,4
169,4
170,4
171,4
396,4
397,4
187,4
188,4
57,4
58,4
59,4
60,4
61,4
62,4
63,4
64,4
65,4
66,4
67,4
68,4
69,4
70,4
71,4
72,4
73,4
74,4
75,4
76,4
77,4
78,4
79,4
80,4
81,4
82,4
83,4
84,4
85,4
86,4
87,4
136,4
137,4
138,4
139,4
140,4
141,4
142,4
143,4
144,4
151,4
154,4
155,4
156,4
260,4
261,4
398,4
399,4
105,4
106,4
107,4
108,4
109,4
110,4
111,4
112,4
113,4
114,4
115,4
1,12
2,12
3,12
240,12
241,12
166,12
167,12
168,12
169,12
170,12
171,12
294,12
295,12
296,12
297,12
298,12
299,12
300,12
183,12
184,12
185,12
186,12
57,12
58,12
59,12
60,12
61,12
62,12
63,12
64,12
65,12
66,12
67,12
68,12
69,12
70,12
71,12
72,12
73,12
74,12
75,12
76,12
77,12
78,12
79,12
80,12
81,12
82,12
83,12
85,12
86,12
87,12
136,12
137,12
138,12
139,12
140,12
141,12
142,12
143,12
144,12
400,12
401,12
402,12
403,12
404,12
405,12
406,12
407,12
408,12
409,12
410,12
411,12
412,12
413,12
414,12
415,12
416,12
417,12
418,12
419,12
420,12
421,12
422,12
423,12
424,12
425,12
151,12
152,12
153,12
155,12
319,12
320,12
426,12
191,12
105,12
106,12
107,12
108,12
109,12
110,12
111,12
112,12
113,12
114,12
115,12
1,6
2,6
3,6
4,6
5,6
6,6
7,6
8,6
10,6
11,6
12,6
13,6
14,6
15,6
16,6
17,6
18,6
19,6
214,6
215,6
216,6
217,6
218,6
219,6
220,6
221,6
46,6
47,6
48,6
49,6
285,6
51,6
52,6
53,6
55,6
56,6
57,6
58,6
59,6
60,6
61,6
62,6
63,6
64,6
65,6
66,6
67,6
68,6
69,6
70,6
71,6
72,6
73,6
74,6
75,6
76,6
77,6
78,6
79,6
80,6
81,6
82,6
83,6
85,6
86,6
354,6
355,6
427,6
357,6
358,6
359,6
360,6
87,6
428,6
429,6
430,6
431,6
432,6
433,6
434,6
435,6
436,6
437,6
438,6
439,6
440,6
441,6
442,6
443,6
444,6
445,6
446,6
447,6
448,6
449,6
450,6
451,6
452,6
453,6
454,6
455,6
456,6
457,6
458,6
459,6
460,6
461,6
88,6
89,6
90,6
91,6
92,6
230,6
231,6
232,6
233,6
234,6
235,6
97,6
462,6
463,6
103,6
239,6
464,6
105,6
106,6
107,6
108,6
109,6
110,6
111,6
112,6
113,6
114,6
115,6
465,7
466,7
1,7
2,7
3,7
164,7
166,7
167,7
168,7
169,7
170,7
171,7
294,7
295,7
298,7
299,7
58,7
59,7
60,7
61,7
62,7
63,7
64,7
65,7
66,7
67,7
68,7
69,7
70,7
71,7
72,7
73,7
74,7
75,7
76,7
77,7
78,7
79,7
80,7
81,7
82,7
83,7
84,7
85,7
86,7
87,7
136,7
137,7
138,7
139,7
140,7
141,7
142,7
143,7
144,7
151,7
152,7
153,7
155,7
157,7
158,7
426,7
105,7
106,7
107,7
108,7
109,7
110,7
111,7
112,7
113,7
114,7
