section_id,course_id,section_number,instructor_id,capacity
1,25,22,154,141
2,25,27,135,120
3,25,29,135,120
4,3,1,181,36
5,3,2,197,35
6,3,3,214,35
7,3,4,197,36
8,3,5,191,35
9,3,6,191,30
10,256,1,90,47
11,4,1,107,24
12,4,2,107,24
13,4,3,214,24
14,4,4,214,24
15,4,5,181,21
16,4,6,181,21
17,4,7,74,24
18,4,8,74,24
19,257,4,131,5
20,11,1,1,61
21,12,1,1,18
22,12,2,1,18
23,12,3,1,22
24,12,4,1,21
25,13,1,54,51
26,13,2,54,48
27,26,1,238,41
28,26,2,238,37
29,27,1,146,35
30,27,2,146,37
31,28,1,9,80
32,40,1,134,45
33,40,2,134,48
34,41,1,39,110
35,42,1,124,45
36,42,2,124,43
37,64,1,238,25
38,68,1,197,30
39,72,1,195,47
40,73,1,196,61
41,74,1,,53
42,80,1,,51
43,81,1,198,10
44,83,1,1,6
45,52,1,,93
46,48,9,221,22
47,14,1,157,42
48,14,2,63,43
49,14,3,168,43
50,14,4,169,44
51,14,6,169,42
52,15,1,168,56
53,15,2,164,55
54,15,5,168,35
55,15,6,113,57
56,15,7,157,55
57,121,1,184,25
58,90,1,220,75
59,90,2,220,75
60,94,1,223,73
61,94,2,223,75
62,94,3,223,75
63,94,4,223,55
64,94,5,223,75
65,94,6,223,75
66,95,1,149,73
67,95,2,245,52
68,96,1,244,75
69,96,2,244,55
70,96,4,112,53
71,97,1,,73
72,98,1,207,49
73,98,2,207,67
74,101,1,161,99
75,101,2,112,75
76,103,1,252,47
77,104,1,,75
78,105,1,245,14
79,105,2,245,14
80,105,3,245,75
81,106,1,141,54
82,106,2,141,54
83,106,3,141,54
84,110,1,249,75
85,112,1,235,13
86,114,1,,14
87,1,10,206,480
88,9,1,122,32
89,9,2,47,32
90,9,3,203,33
91,9,4,203,54
92,9,5,233,54
93,16,4,183,50
94,16,5,183,50
95,17,1,195,45
96,17,6,162,30
97,17,7,195,41
98,17,8,162,46
99,29,1,125,60
100,29,2,25,60
101,30,1,163,46
102,30,2,163,51
103,2,10,188,63
104,88,1,110,57
105,115,1,,75
106,116,1,,70
107,117,1,120,55
108,117,2,119,70
109,118,1,212,53
110,18,11,254,150
111,18,12,254,150
112,18,13,254,200
113,18,14,254,160
114,119,1,,18
115,120,1,170,13
116,909,2,29,12
117,910,1,29,5
118,910,3,39,5
119,910,5,39,5
120,917,1,1,50
121,918,1,1,26
122,918,3,1,30
123,919,1,54,31
124,919,2,54,30
125,932,1,,50
126,933,1,115,57
127,934,1,9,50
128,946,1,134,15
129,946,2,134,17
130,947,1,39,30
131,948,1,124,20
132,948,2,124,15
133,986,1,198,37
134,988,1,1,25
135,958,1,,23
136,384,1,12,31
137,384,2,47,31
138,384,3,179,45
139,392,1,65,36
140,392,2,233,36
141,392,3,216,36
142,392,4,58,34
143,392,5,111,33
144,392,6,143,33
145,921,1,122,38
146,921,2,47,40
147,921,3,122,27
148,921,5,61,25
149,935,1,125,60
150,936,1,45,50
151,2,23,188,152
152,393,9,136,47
153,393,10,63,47
154,393,11,169,28
155,393,12,133,48
156,393,13,63,40
157,394,13,156,50
158,394,14,87,53
159,993,1,110,20
160,1087,1,132,6
161,1118,1,100,7
162,1093,1,176,7
163,1098,1,172,15
164,388,2,29,60
165,1038,1,131,40
166,389,1,29,20
167,389,2,29,20
168,389,3,39,21
169,389,4,39,21
170,389,5,39,20
171,389,6,39,20
172,1039,1,131,22
173,1039,2,131,22
174,770,1,241,22
175,770,2,225,20
176,770,3,225,3
177,770,4,205,2
178,770,5,213,22
179,770,6,205,21
180,929,1,,22
181,929,3,,22
182,929,4,211,22
183,429,1,178,22
184,429,2,178,22
185,429,3,178,22
186,429,4,239,20
187,436,1,241,22
188,436,2,239,25
189,393,14,169,25
190,930,1,109,60
191,859,1,116,40
192,256,3,72,45
193,257,1,90,24
194,257,2,90,24
195,257,3,72,24
196,257,5,72,24
197,567,1,132,8
198,597,1,100,16
199,573,1,176,5
200,578,1,247,23
201,6,1,208,22
202,6,2,237,22
203,6,3,237,10
204,6,4,237,10
205,6,5,237,18
206,6,6,225,22
207,6,7,76,22
208,6,8,237,4
209,23,1,211,22
210,23,2,236,22
211,23,3,185,22
212,23,4,,22
213,23,5,180,22
214,35,1,178,22
215,35,2,239,22
216,35,3,,22
217,35,4,215,22
218,35,5,,22
219,35,6,228,14
220,35,7,215,22
221,35,8,228,8
222,48,1,187,22
223,48,2,226,22
224,48,3,241,22
225,48,4,221,22
226,48,5,239,22
227,48,6,226,20
228,48,7,187,22
229,48,8,230,21
230,16,1,58,46
231,16,2,111,47
232,16,3,65,47
233,16,6,216,36
234,16,7,12,36
235,16,8,143,36
236,17,3,122,20
237,17,5,61,20
238,24,1,251,80
239,581,1,116,40
240,388,1,246,46
241,388,3,38,47
242,1164,1,126,20
243,1164,2,126,20
244,1179,1,166,25
245,1180,1,123,25
246,1181,1,41,20
247,1192,1,60,25
248,1193,1,115,25
249,1194,1,16,15
250,1194,2,16,15
251,1195,1,155,10
252,1195,2,155,14
253,1209,1,115,12
254,1215,1,36,10
255,1221,1,36,15
256,1228,1,171,10
257,1206,1,78,25
258,1230,1,78,10
259,401,3,216,8
260,394,15,87,48
261,394,16,156,46
262,1244,1,123,25
263,133,1,126,45
264,133,2,126,47
265,148,1,76,35
266,148,2,76,39
267,149,1,130,43
268,149,2,130,30
269,150,1,81,40
270,150,2,41,40
271,161,1,144,85
272,162,1,218,40
273,162,2,218,47
274,163,1,16,46
275,163,2,16,53
276,164,1,155,40
277,164,2,155,40
278,178,1,115,37
279,184,1,36,50
280,190,1,36,30
281,198,1,171,30
282,175,1,78,55
283,200,1,78,55
284,206,1,144,65
285,14,5,63,40
286,15,3,157,42
287,15,4,113,42
288,17,4,61,46
289,144,3,216,27
290,145,1,183,70
291,37,1,116,10
292,146,1,142,20
293,215,1,123,90
294,381,3,127,59
295,381,4,150,60
296,382,1,250,10
297,382,2,250,10
298,382,3,127,18
299,382,4,150,17
300,382,5,250,24
301,382,6,250,16
302,1290,1,18,22
303,1290,2,18,22
304,1303,1,59,10
305,1303,2,59,31
306,1304,1,174,35
307,1305,1,153,10
308,1305,2,153,33
309,1306,1,138,35
310,1307,1,99,30
311,1319,1,42,25
312,1320,1,99,25
313,1321,1,148,25
314,1335,1,42,21
315,1338,1,129,10
316,1344,1,,21
317,1350,1,,23
318,1351,1,42,20
319,394,11,136,44
320,394,12,133,44
321,1308,1,145,15
322,1308,2,145,26
323,1368,1,,20
324,303,2,142,28
325,256,2,131,30
326,273,1,64,49
327,273,2,25,47
328,274,1,153,46
329,274,2,153,39
330,275,1,159,52
331,275,2,138,47
332,276,1,181,44
333,276,2,181,42
334,289,1,,35
335,289,2,,42
336,290,1,48,46
337,290,2,64,38
338,291,1,102,27
339,291,2,102,27
340,305,1,42,47
341,306,1,90,22
342,308,1,48,43
343,309,1,153,56
344,314,1,,25
345,320,1,,42
346,321,1,42,43
347,14,7,63,39
348,14,8,87,35
349,14,11,169,16
350,14,14,169,15
351,15,8,156,37
352,15,9,133,36
353,15,10,136,36
354,129,1,127,104
355,129,2,150,102
356,130,1,250,23
357,130,3,127,26
358,130,4,150,25
359,130,5,250,19
360,130,6,250,25
361,263,1,18,40
362,263,2,201,41
363,263,3,201,41
364,277,1,59,55
365,277,2,59,27
366,278,1,145,45
367,278,2,145,65
368,333,1,,30
369,338,1,,39
370,343,1,202,32
371,303,1,151,52
372,390,1,250,50
373,405,1,128,30
374,406,1,140,30
375,398,1,92,20
376,407,1,38,30
377,408,1,92,30
378,400,1,74,10
379,417,1,129,20
380,418,1,140,20
381,419,1,246,20
382,420,1,175,20
383,421,1,85,20
384,422,1,38,20
385,433,2,175,1
386,433,3,128,1
387,433,4,140,1
388,433,5,74,1
389,434,1,194,10
390,435,1,129,10
391,443,1,129,4
392,446,1,74,4
393,449,1,128,5
394,459,1,175,2
395,466,1,92,2
396,391,1,205,21
397,391,2,226,21
398,409,1,142,20
399,477,1,246,20
400,401,1,45,8
401,401,2,45,20
402,1414,1,14,35
403,1415,1,24,35
404,1429,1,33,20
405,1430,1,96,25
406,1424,1,14,10
407,1431,1,117,20
408,1425,1,121,10
409,1432,1,121,20
410,1433,1,14,20
411,1435,1,167,10
412,1443,1,199,20
413,1444,1,33,20
414,1438,1,53,10
415,1445,1,26,20
416,1446,1,117,20
417,1501,1,24,10
418,1503,1,192,9
419,1458,1,147,20
420,1471,1,192,10
421,1472,1,22,10
422,1476,1,33,10
423,1452,1,53,10
424,1491,1,22,10
425,1493,1,147,10
426,858,1,142,40
427,130,2,250,36
428,646,1,86,37
429,646,2,,31
430,647,1,67,70
431,659,1,33,65
432,660,1,96,80
433,654,1,14,50
434,661,1,117,60
435,655,1,121,25
436,662,1,15,45
437,662,2,121,10
438,663,1,86,50
439,666,1,167,20
440,674,1,22,41
441,674,2,167,20
442,667,1,67,5
443,675,1,33,45
444,669,1,53,55
445,670,1,96,10
446,676,1,26,35
447,677,1,117,45
448,732,1,24,17
449,733,1,165,20
450,734,1,192,19
451,689,1,147,25
452,689,2,147,25
453,696,1,15,25
454,699,1,67,15
455,702,1,192,15
456,703,1,22,15
457,707,1,33,15
458,683,1,53,15
459,722,1,22,15
460,723,1,15,15
461,724,1,147,15
462,144,1,45,27
463,144,2,45,60
464,691,1,,40
465,776,1,14,8
466,800,1,50,15
