course_id,department_id
25,10
1172,10
1301,11
1,1
975,8
19,12
574,5
1,11
911,8
98,12
718,6
1,5
1057,9
422,4
19,8
26,1
1083,9
52,1
1480,6
1230,10
93,6
1465,6
115,6
185,2
1364,11
477,4
1466,12
98,4
732,6
837,7
688,6
19,4
195,2
576,5
1443,12
6,6
4,3
117,4
90,8
861,12
1478,12
18,7
120,11
388,6
90,10
113,3
1225,10
1308,11
393,10
388,7
988,8
646,6
28,1
19,11
452,4
859,12
330,3
114,10
701,6
1462,12
92,10
1485,12
1452,12
966,8
1496,6
942,8
825,7
2,5
1375,11
1313,11
40,1
857,7
16,6
202,2
546,5
858,6
471,4
1407,6
328,3
153,2
120,5
1241,10
389,12
706,6
68,1
1075,9
118,6
88,1
121,2
699,6
24,9
1307,11
1224,10
1181,10
25,5
824,7
1439,6
98,8
436,11
386,9
1065,9
98,9
1349,11
93,5
208,2
91,2
15,3
412,4
567,5
1,4
791,7
592,5
448,4
1481,6
117,3
280,3
92,9
10,3
970,8
465,4
1335,11
116,6
469,4
1,10
709,6
974,8
11,1
18,2
3,2
2,8
92,2
397,4
320,3
861,6
204,2
801,7
382,11
1429,6
1363,11
390,4
25,3
341,3
599,5
115,2
119,2
809,7
381,11
566,5
6,1
36,1
712,6
854,7
113,2
1432,12
936,8
1473,6
855,7
149,2
1407,12
142,2
14,3
303,11
570,5
90,6
1231,10
1201,10
987,8
590,5
445,4
343,6
963,8
935,8
1372,11
341,6
401,4
164,2
342,3
3,1
933,8
1193,10
114,8
775,7
17,3
708,6
420,4
388,10
386,10
919,8
1358,11
1440,6
71,1
296,3
1073,9
447,4
595,5
86,1
345,3
8,3
535,5
964,8
1486,6
401,6
511,5
116,3
186,2
842,7
1430,6
341,5
435,4
129,6
2,10
826,7
1469,6
720,6
129,3
91,1
170,2
1361,11
197,2
1446,12
385,10
1435,12
114,11
24,1
1445,6
1343,11
8,1
1437,6
163,2
393,4
594,5
1501,12
2,7
119,10
256,3
19,10
16,3
456,4
1099,11
1319,11
118,8
940,8
1485,6
118,2
958,8
1173,10
910,8
1,3
1480,12
98,10
693,6
394,8
19,5
660,6
1444,6
117,9
67,1
792,7
735,6
129,5
191,2
119,12
1321,11
9,6
585,7
451,4
315,3
12,1
1094,9
1119,9
188,2
145,2
1504,6
716,6
475,4
4,6
319,3
181,2
406,4
187,2
1430,12
1050,9
1421,12
1423,6
1318,11
115,10
114,6
47,1
1501,6
1176,10
1414,12
400,4
381,9
929,8
393,6
121,8
697,6
90,9
7,5
862,7
323,3
929,6
115,3
269,3
698,6
389,4
25,11
10,9
257,3
838,7
90,5
312,3
1476,6
719,6
1091,9
14,6
530,5
1111,9
993,8
24,6
283,3
590,7
724,6
14,2
1226,10
1079,9
921,10
1482,6
92,4
1495,12
250,3
381,6
586,5
92,8
48,6
979,8
784,7
7,1
309,3
9,3
92,12
4,5
402,4
1239,10
1435,6
978,8
381,7
382,10
984,8
436,12
1471,6
1038,9
1431,6
1488,12
449,4
93,7
705,6
1490,12
1120,9
1194,10
1,6
115,11
10,12
1491,12
938,8
275,3
35,6
64,1
985,8
1436,12
1069,9
669,6
786,7
839,7
93,1
1187,10
930,8
440,4
476,4
536,5
770,9
1102,11
946,8
428,4
90,7
42,1
991,8
199,2
1461,12
54,1
1504,12
80,1
1055,9
1482,12
2,11
528,5
382,12
34,1
182,2
385,6
1444,12
384,12
844,7
671,6
116,8
19,7
856,7
1029,9
1503,6
596,5
850,7
62,1
1436,6
568,5
162,2
1493,12
6,3
823,7
82,1
117,11
98,3
117,1
113,4
118,4
803,7
18,4
981,8
1341,11
392,9
120,1
677,6
23,2
1186,10
1442,12
1345,11
10,7
394,10
155,2
1424,6
967,8
858,7
1432,6
1471,12
833,7
1425,6
1095,9
2,6
569,5
5,1
1096,9
120,8
157,2
398,4
121,10
19,3
93,2
1353,11
18,10
1367,11
1311,11
381,4
393,9
1090,9
1457,12
1102,9
33,1
216,2
1214,10
1228,10
1189,10
89,1
91,3
1338,11
437,4
83,1
75,1
98,5
1233,10
1476,12
1116,9
836,7
392,11
384,6
462,4
384,8
453,4
25,4
77,1
733,6
41,1
973,8
1054,9
1103,11
1117,9
1097,9
91,8
1064,9
179,2
392,8
555,5
266,3
1433,12
344,7
845,7
114,5
821,7
559,5
382,9
91,5
126,2
597,5
1089,9
210,2
1118,9
93,9
117,8
120,6
1347,11
35,3
414,4
117,10
1190,10
381,10
932,8
144,2
92,3
1,7
184,2
1473,12
1470,6
401,7
25,12
444,4
1232,10
722,6
303,3
394,11
314,3
1458,12
39,1
116,2
1357,11
1297,11
580,5
393,7
13,1
316,3
394,12
379,4
961,8
305,3
851,7
30,1
584,5
192,2
270,3
143,2
16,5
212,2
7,2
74,1
725,6
918,8
1063,9
667,6
3,3
57,1
563,5
588,9
66,1
848,7
380,4
178,2
382,4
263,3
472,4
815,7
1191,10
703,6
388,9
118,10
393,12
8,2
317,3
113,5
586,9
527,5
1049,9
1483,12
1352,11
285,3
93,8
429,11
1481,12
857,12
468,4
1334,11
386,7
429,10
389,6
589,9
427,4
770,10
114,2
849,7
767,7
119,7
787,7
2,4
48,2
713,6
723,6
647,6
386,11
1464,6
93,3
794,7
770,6
1245,10
875,7
1229,10
873,7
392,10
24,2
60,1
820,7
1326,11
32,1
673,6
1092,9
788,7
990,8
799,7
17,2
1463,12
344,3
1437,12
429,4
443,4
874,7
807,7
1433,6
16,2
386,6
578,5
300,3
770,8
114,4
6,2
146,2
141,2
1467,12
384,9
1339,11
207,2
308,3
388,11
113,8
90,4
876,7
19,2
384,4
587,9
457,4
383,4
48,3
4,2
203,2
1219,10
115,4
25,1
1368,11
418,4
384,7
947,8
1068,9
1336,11
909,8
702,6
15,6
25,9
436,4
1221,10
2,12
8,6
1489,6
676,6
180,2
441,4
467,4
639,6
1218,10
120,12
1452,6
215,2
945,8
960,8
866,7
17,5
1469,12
1484,12
1315,11
1048,9
434,4
429,6
982,8
1344,11
115,9
470,4
10,6
1215,10
853,7
401,12
409,4
666,6
15,5
1039,11
322,3
18,11
1299,11
656,6
116,4
813,7
537,5
392,7
662,6
381,12
1211,10
18,9
1478,6
257,5
410,4
25,7
808,7
91,4
198,2
694,6
1445,12
841,7
1227,10
588,5
1312,11
798,7
714,6
90,1
175,2
118,3
19,1
830,7
9,5
587,5
1086,9
917,8
560,5
119,8
1438,6
806,7
921,11
859,7
543,5
382,7
1354,11
161,2
115,1
144,5
113,1
273,3
865,7
921,8
18,8
8,5
1415,12
994,8
92,7
121,9
696,6
1051,9
117,6
1115,9
689,6
1365,11
332,5
9,1
593,5
120,10
1,2
980,8
196,2
118,12
190,2
334,3
864,7
552,5
1440,12
329,3
581,6
338,3
473,4
114,7
118,1
129,2
558,5
663,6
1074,9
413,4
847,7
835,7
581,5
23,6
1080,9
114,1
114,12
776,7
386,12
340,3
405,4
120,9
70,1
827,7
91,6
394,6
1479,12
1,8
675,6
455,4
214,2
1483,6
1346,11
857,6
1,9
17,1
130,2
339,3
116,9
930,6
1305,11
446,4
385,12
1350,11
343,5
2,2
18,12
76,1
545,5
674,6
206,2
726,6
85,1
653,6
22,1
113,7
10,4
326,3
183,2
120,3
654,6
25,2
986,8
92,5
707,6
1290,11
73,1
1235,10
691,6
133,2
394,9
93,4
324,3
734,6
10,1
1359,11
1,12
84,1
384,10
29,1
834,7
1479,6
117,5
948,8
340,7
534,5
926,8
1159,10
384,11
1370,11
1470,12
934,8
929,11
93,10
790,7
388,12
587,7
589,5
91,11
121,4
466,4
785,7
464,4
113,9
392,6
92,11
1438,12
1222,10
770,12
1210,10
18,6
1240,10
717,6
575,5
25,8
1078,9
1100,9
318,3
56,1
385,7
14,5
256,5
1360,11
1495,6
306,3
1487,12
1238,10
1246,10
98,2
1356,11
442,4
943,8
429,8
683,6
591,5
692,6
1474,6
130,5
335,3
1488,6
433,4
1475,12
92,6
1212,10
585,5
35,1
311,3
590,9
770,11
325,3
91,7
1088,9
1184,10
121,5
98,1
1112,9
1303,11
65,1
436,10
1223,10
116,11
332,3
859,9
119,4
861,7
1237,10
2,1
862,12
655,6
382,6
313,3
333,3
1464,12
93,11
288,3
61,1
98,11
661,6
307,3
1062,9
962,8
385,9
115,5
1304,11
929,12
130,3
928,8
1320,11
843,7
1351,11
573,5
588,7
389,10
831,7
87,1
1087,9
710,6
551,5
1468,12
474,4
1195,10
565,5
1243,10
194,2
401,9
6,5
1484,6
25,6
1472,12
90,3
802,7
193,2
1188,10
1462,6
548,5
1463,6
332,6
800,7
391,4
1217,10
1486,12
864,9
1213,10
1298,11
1348,11
1206,10
529,5
577,5
2,9
209,2
386,8
98,6
1467,6
113,6
121,12
1477,6
930,10
1496,12
1236,10
1242,10
1192,10
389,9
394,7
211,2
695,6
1475,6
1337,11
393,8
386,4
586,7
116,12
78,1
119,9
1461,6
119,5
401,10
90,12
159,2
829,7
3,6
23,1
277,3
130,6
1234,10
385,4
436,6
953,8
1414,6
116,7
408,4
419,4
1180,10
304,3
1431,12
1369,11
279,3
392,12
90,11
113,12
972,8
4,1
1472,6
727,6
1492,12
531,5
460,4
459,4
404,4
7,6
458,4
439,4
1425,12
1421,6
852,7
1209,10
1342,11
336,3
572,5
1058,9
585,9
417,4
1374,11
59,1
858,12
1310,11
862,6
711,6
1466,6
321,3
116,1
1340,11
113,11
392,4
1503,12
554,5
120,2
939,8
1355,11
1325,11
205,2
538,5
158,2
1174,10
1465,12
116,5
18,1
115,12
1099,9
407,4
271,3
1039,9
429,12
1331,11
1066,9
983,8
840,7
1114,9
461,4
117,7
327,3
290,3
1487,6
117,12
1093,9
113,10
1494,12
118,7
91,12
310,3
1458,6
1429,12
1047,9
121,1
276,3
436,8
23,3
119,1
438,4
55,1
971,8
989,8
1502,12
388,4
1415,6
10,8
1056,9
10,2
659,6
668,6
1489,12
409,10
118,5
721,6
969,8
1494,6
992,8
121,6
79,1
793,7
343,3
63,1
19,6
715,6
1103,9
9,2
201,2
81,1
115,7
385,11
1490,6
1424,12
27,1
117,2
7,3
553,5
1281,11
804,7
1113,9
1423,12
930,12
1179,10
213,2
1492,6
35,2
1072,9
150,2
160,2
859,6
544,5
15,1
91,10
19,9
421,4
454,4
274,3
48,1
10,5
415,4
114,9
968,8
783,7
828,7
832,7
118,9
10,11
929,10
1366,11
337,3
115,8
289,3
1038,11
1491,6
37,1
1468,6
92,1
58,1
463,4
72,1
114,3
542,5
977,8
144,6
1474,12
1477,12
394,4
805,7
1085,9
119,6
2,3
571,5
921,9
927,8
91,9
119,3
24,5
148,2
1493,6
1220,10
200,2
119,11
598,5
589,7
385,8
291,3
15,2
16,1
98,7
389,7
1098,9
69,1
156,2
450,4
770,7
21,1
965,8
18,3
18,5
1244,10
1443,6
393,11
281,3
10,10
670,6
399,4
416,4
189,2
90,2
3,5
704,6
20,1
1306,11
278,3
1439,12
1502,6
1446,6
93,12
120,4
389,11
116,10
14,1
1216,10
976,8
700,6
846,7
331,3
295,3
1164,10
